Language|भाषा|भाषा|ભાષા|மொழி|భాష|ভাষা|ಭಾಷೆ
Full name|पूरा नाम|पूर्ण नाव|પૂરું નામ|முழுப் பெயர்|పూర్తి పేరు|পুরো নাম|ಪೂರ್ಣ ಹೆಸರು
Mobile number|मोबाइल नंबर|मोबाइल क्रमांक|મોબાઇલ નંબર|கைப்பேசி எண்|మొబైల్ నంబర్|মোবাইল নম্বর|ಮೊಬೈಲ್ ಸಂಖ್ಯೆ
Email|ईमेल|ईमेल|ઈમેલ|மின்னஞ்சல்|ఇమెయిల్|ইমেল|ಇಮೇಲ್
Password|पासवर्ड|पासवर्ड|પાસવર્ડ|கடவுச்சொல்|పాస్‌వర్డ్|পাসওয়ার্ড|ಪಾಸ್‌ವರ್ಡ್
Age|आयु|वय|ઉંમર|வயது|వయస్సు|বয়স|ವಯಸ್ಸು
Gender|लिंग|लिंग|લિંગ|பாலினம்|లింగం|লিঙ্গ|ಲಿಂಗ
Social Category|सामाजिक श्रेणी|सामाजिक प्रवर्ग|સામાજિક શ્રેણી|சமூகப் பிரிவு|సామాజిక వర్గం|সামাজিক শ্রেণি|ಸಾಮಾಜಿಕ ವರ್ಗ
State|राज्य|राज्य|રાજ્ય|மாநிலம்|రాష్ట్రం|রাজ্য|ರಾಜ್ಯ
District|जिला|जिल्हा|જિલ્લો|மாவட்டம்|జిల్లా|জেলা|ಜಿಲ್ಲೆ
Disability|दिव्यांगता|दिव्यांगत्व|દિવ્યાંગતા|மாற்றுத்திறன்|వైకల్యం|প্রতিবন্ধিতা|ಅಂಗವೈಕಲ್ಯ
Residence|निवास क्षेत्र|निवास क्षेत्र|નિવાસ વિસ્તાર|வசிப்பிடம்|నివాస ప్రాంతం|বাসস্থান|ವಾಸಸ್ಥಳ
Male|पुरुष|पुरुष|પુરુષ|ஆண்|పురుషుడు|পুরুষ|ಪುರುಷ
Female|महिला|स्त्री|સ્ત્રી|பெண்|స్త్రీ|মহিলা|ಮಹಿಳೆ
Other|अन्य|इतर|અન્ય|மற்றவை|ఇతర|অন্যান্য|ಇತರೆ
Prefer not to say|बताना नहीं चाहते|सांगू इच्छित नाही|જણાવવા માંગતા નથી|கூற விரும்பவில்லை|చెప్పదలచుకోలేదు|বলতে চাই না|ಹೇಳಲು ಬಯಸುವುದಿಲ್ಲ
Minority|अल्पसंख्यक|अल्पसंख्याक|લઘુમતી|சிறுபான்மையினர்|మైనారిటీ|সংখ্যালঘু|ಅಲ್ಪಸಂಖ್ಯಾತ
General|सामान्य|सर्वसाधारण|સામાન્ય|பொதுப் பிரிவு|సాధారణ|সাধারণ|ಸಾಮಾನ್ಯ
Urban|शहरी|शहरी|શહેરી|நகர்ப்புறம்|పట్టణ|শহরাঞ্চল|ನಗರ
Yes|हाँ|होय|હા|ஆம்|అవును|হ্যাঁ|ಹೌದು
No|नहीं|नाही|ના|இல்லை|కాదు|না|ಇಲ್ಲ
Personal Information|व्यक्तिगत जानकारी|वैयक्तिक माहिती|વ્યક્તિગત માહિતી|தனிப்பட்ட தகவல்|వ్యక్తిగత సమాచారం|ব্যক্তিগত তথ্য|ವೈಯಕ್ತಿಕ ಮಾಹಿತಿ
Business Details|व्यवसाय विवरण|व्यवसायाचे तपशील|વ્યવસાયની વિગતો|தொழில் விவரங்கள்|వ్యాపార వివరాలు|ব্যবসার বিবরণ|ವ್ಯಾಪಾರದ ವಿವರಗಳು
Other Details|अन्य विवरण|इतर तपशील|અન્ય વિગતો|பிற விவரங்கள்|ఇతర వివరాలు|অন্যান্য বিবরণ|ಇತರ ವಿವರಗಳು
Review|समीक्षा|आढावा|સમીક્ષા|மதிப்பாய்வு|సమీక్ష|পর্যালোচনা|ಪರಿಶೀಲನೆ
Results|परिणाम|निकाल|પરિણામો|முடிவுகள்|ఫలితాలు|ফলাফল|ಫಲಿತಾಂಶಗಳು
Get Matches|मिलती योजनाएँ देखें|जुळणाऱ्या योजना पाहा|મેળ ખાતી યોજનાઓ જુઓ|பொருந்தும் திட்டங்கள்|సరిపోలే పథకాలు|মিলযুক্ত প্রকল্প দেখুন|ಹೊಂದುವ ಯೋಜನೆಗಳನ್ನು ನೋಡಿ
Business Type|व्यवसाय का प्रकार|व्यवसायाचा प्रकार|વ્યવસાયનો પ્રકાર|தொழில் வகை|వ్యాపార రకం|ব্যবসার ধরন|ವ್ಯಾಪಾರದ ವಿಧ
Business Activity|व्यवसाय गतिविधि|व्यवसायातील काम|વ્યવસાયની પ્રવૃત્તિ|தொழில் செயல்பாடு|వ్యాపార కార్యకలాపం|ব্যবসায়িক কার্যকলাপ|ವ್ಯಾಪಾರ ಚಟುವಟಿಕೆ
Business Stage|व्यवसाय का चरण|व्यवसायाचा टप्पा|વ્યવસાયનો તબક્કો|தொழில் நிலை|వ్యాపార దశ|ব্যবসার পর্যায়|ವ್ಯಾಪಾರದ ಹಂತ
Years in Business|व्यवसाय के वर्ष|व्यवसायाची वर्षे|વ્યવસાયનાં વર્ષો|தொழில் செய்த ஆண்டுகள்|వ్యాపారంలో సంవత్సరాలు|ব্যবসার সময়কাল|ವ್ಯಾಪಾರದ ವರ್ಷಗಳು
Annual Turnover|वार्षिक कारोबार|वार्षिक उलाढाल|વાર્ષિક ટર્નઓવર|ஆண்டு விற்றுமுதல்|వార్షిక టర్నోవర్|বার্ষিক লেনদেন|ವಾರ್ಷಿಕ ವಹಿವಾಟು
Number of Employees|कर्मचारियों की संख्या|कर्मचाऱ्यांची संख्या|કર્મચારીઓની સંખ્યા|பணியாளர் எண்ணிக்கை|ఉద్యోగుల సంఖ్య|কর্মীর সংখ্যা|ಉದ್ಯೋಗಿಗಳ ಸಂಖ್ಯೆ
Annual Income|वार्षिक आय|वार्षिक उत्पन्न|વાર્ષિક આવક|ஆண்டு வருமானம்|వార్షిక ఆదాయం|বার্ষিক আয়|ವಾರ್ಷಿಕ ಆದಾಯ
Registered Business|पंजीकृत व्यवसाय|नोंदणीकृत व्यवसाय|નોંધાયેલ વ્યવસાય|பதிவுசெய்த தொழில்|నమోదైన వ్యాపారం|নিবন্ধিত ব্যবসা|ನೋಂದಾಯಿತ ವ್ಯಾಪಾರ
Funding Required|आवश्यक धनराशि|आवश्यक निधी|જરૂરી ભંડોળ|தேவையான நிதி|అవసరమైన నిధులు|প্রয়োজনীয় অর্থ|ಅಗತ್ಯ ಹಣ
Preferred Support|पसंदीदा सहायता|हवी असलेली मदत|પસંદગીની સહાય|விரும்பும் உதவி|కోరుకునే సహాయం|পছন্দের সহায়তা|ಆದ್ಯತೆಯ ನೆರವು
Interested Scheme Type|योजना का इच्छित प्रकार|हव्या असलेल्या योजनेचा प्रकार|ઇચ્છિત યોજનાનો પ્રકાર|விரும்பும் திட்ட வகை|కోరుకునే పథకం రకం|পছন্দের প্রকল্পের ধরন|ಆಸಕ್ತಿಯ ಯೋಜನೆಯ ವಿಧ
Previous government scheme?|पहले सरकारी योजना का लाभ लिया है?|यापूर्वी शासकीय योजनेचा लाभ घेतला आहे?|અગાઉ સરકારી યોજનાનો લાભ લીધો છે?|முன்பு அரசுத் திட்டப் பயன் பெற்றீர்களா?|ఇంతకుముందు ప్రభుత్వ పథకం పొందారా?|আগে সরকারি প্রকল্পের সুবিধা পেয়েছেন?|ಹಿಂದೆ ಸರ್ಕಾರಿ ಯೋಜನೆಯ ಪ್ರಯೋಜನ ಪಡೆದಿದ್ದೀರಾ?
Manufacturing|विनिर्माण|उत्पादन|ઉત્પાદન|உற்பத்தி|తయారీ|উৎপাদন|ತಯಾರಿಕೆ
Service|सेवा|सेवा|સેવા|சேவை|సేవ|পরিষেবা|ಸೇವೆ
Trading|व्यापार|व्यापार|વેપાર|வர்த்தகம்|వాణిజ్యం|বাণিজ্য|ವಾಣಿಜ್ಯ
Agriculture|कृषि|शेती|કૃષિ|விவசாயம்|వ్యవసాయం|কৃষি|ಕೃಷಿ
Retail|खुदरा व्यापार|किरकोळ विक्री|છૂટક વેપાર|சில்லறை வணிகம்|చిల్లర వ్యాపారం|খুচরো ব্যবসা|ಚಿಲ್ಲರೆ ವ್ಯಾಪಾರ
Loan|ऋण|कर्ज|લોન|கடன்|రుణం|ঋণ|ಸಾಲ
Subsidy|सब्सिडी|अनुदान|સબસિડી|மானியம்|సబ్సిడీ|ভর্তুকি|ಸಬ್ಸಿಡಿ
Grant|अनुदान|अनुदान|અનુદાન|நிதியுதவி|గ్రాంట్|অনুদান|ಅನುದಾನ
Training|प्रशिक्षण|प्रशिक्षण|તાલીમ|பயிற்சி|శిక్షణ|প্রশিক্ষণ|ತರಬೇತಿ
Skill Development|कौशल विकास|कौशल्य विकास|કૌશલ્ય વિકાસ|திறன் மேம்பாடு|నైపుణ్యాభివృద్ధి|দক্ষতা উন্নয়ন|ಕೌಶಲ್ಯ ಅಭಿವೃದ್ಧಿ
Financial Assistance|वित्तीय सहायता|आर्थिक सहाय्य|નાણાકીય સહાય|நிதி உதவி|ఆర్థిక సహాయం|আর্থিক সহায়তা|ಆರ್ಥಿಕ ನೆರವು
Business Loan|व्यवसाय ऋण|व्यवसाय कर्ज|વ્યવસાય લોન|தொழில் கடன்|వ్యాపార రుణం|ব্যবসায়িক ঋণ|ವ್ಯಾಪಾರ ಸಾಲ
Marketing Support|विपणन सहायता|विपणन सहाय्य|માર્કેટિંગ સહાય|சந்தைப்படுத்தல் உதவி|మార్కెటింగ్ సహాయం|বিপণন সহায়তা|ಮಾರುಕಟ್ಟೆ ನೆರವು
Infrastructure Support|बुनियादी ढाँचा सहायता|पायाभूत सुविधा सहाय्य|માળખાકીય સહાય|உள்கட்டமைப்பு உதவி|మౌలిక వసతుల సహాయం|পরিকাঠামো সহায়তা|ಮೂಲಸೌಕರ್ಯ ನೆರವು
Not sure yet|अभी निश्चित नहीं|अजून निश्चित नाही|હજી નક્કી નથી|இன்னும் தெரியவில்லை|ఇంకా నిర్ణయించలేదు|এখনও নিশ্চিত নই|ಇನ್ನೂ ನಿರ್ಧರಿಸಿಲ್ಲ
Select|चुनें|निवडा|પસંદ કરો|தேர்ந்தெடுக்கவும்|ఎంచుకోండి|নির্বাচন করুন|ಆಯ್ಕೆಮಾಡಿ
All|सभी|सर्व|બધા|அனைத்தும்|అన్నీ|সব|ಎಲ್ಲಾ
Guides|मार्गदर्शिकाएँ|मार्गदर्शक|માર્ગદર્શિકાઓ|வழிகாட்டிகள்|మార్గదర్శకాలు|নির্দেশিকা|ಮಾರ್ಗದರ್ಶಿಗಳು
Application|आवेदन|अर्ज|અરજી|விண்ணப்பம்|దరఖాస్తు|আবেদন|ಅರ್ಜಿ
Document checklist|दस्तावेज़ सूची|कागदपत्रांची यादी|દસ્તાવેજોની યાદી|ஆவணப் பட்டியல்|పత్రాల జాబితా|নথির তালিকা|ದಾಖಲೆಗಳ ಪಟ್ಟಿ
Identity proof|पहचान प्रमाण|ओळखपत्र|ઓળખનો પુરાવો|அடையாளச் சான்று|గుర్తింపు రుజువు|পরিচয়পত্র|ಗುರುತಿನ ಪುರಾವೆ
Address proof|पते का प्रमाण|पत्त्याचा पुरावा|સરનામાનો પુરાવો|முகவரிச் சான்று|చిరునామా రుజువు|ঠিকানার প্রমাণ|ವಿಳಾಸದ ಪುರಾವೆ
Social category certificate|सामाजिक श्रेणी प्रमाणपत्र|सामाजिक प्रवर्ग प्रमाणपत्र|સામાજિક શ્રેણીનું પ્રમાણપત્ર|சமூகப் பிரிவுச் சான்றிதழ்|సామాజిక వర్గ ధ్రువపత్రం|সামাজিক শ্রেণির শংসাপত্র|ಸಾಮಾಜಿಕ ವರ್ಗದ ಪ್ರಮಾಣಪತ್ರ
Income proof|आय प्रमाण|उत्पन्नाचा पुरावा|આવકનો પુરાવો|வருமானச் சான்று|ఆదాయ రుజువు|আয়ের প্রমাণ|ಆದಾಯದ ಪುರಾವೆ
Business registration|व्यवसाय पंजीकरण|व्यवसाय नोंदणी|વ્યવસાય નોંધણી|தொழில் பதிவு|వ్యాపార నమోదు|ব্যবসার নিবন্ধন|ವ್ಯಾಪಾರ ನೋಂದಣಿ
Bank account details|बैंक खाता विवरण|बँक खात्याचे तपशील|બેંક ખાતાની વિગતો|வங்கிக் கணக்கு விவரங்கள்|బ్యాంకు ఖాతా వివరాలు|ব্যাংক অ্যাকাউন্টের বিবরণ|ಬ್ಯಾಂಕ್ ಖಾತೆಯ ವಿವರಗಳು
Business plan|व्यवसाय योजना|व्यवसाय आराखडा|વ્યવસાય યોજના|தொழில் திட்டம்|వ్యాపార ప్రణాళిక|ব্যবসার পরিকল্পনা|ವ್ಯಾಪಾರ ಯೋಜನೆ
Application guide|आवेदन मार्गदर्शिका|अर्ज मार्गदर्शक|અરજી માર્ગદર્શિકા|விண்ணப்ப வழிகாட்டி|దరఖాస్తు మార్గదర్శి|আবেদনের নির্দেশিকা|ಅರ್ಜಿ ಮಾರ್ಗದರ್ಶಿ
Find government schemes|सरकारी योजनाएँ खोजें|शासकीय योजना शोधा|સરકારી યોજનાઓ શોધો|அரசுத் திட்டங்களைத் தேடுங்கள்|ప్రభుత్వ పథకాలను కనుగొనండి|সরকারি প্রকল্প খুঁজুন|ಸರ್ಕಾರಿ ಯೋಜನೆಗಳನ್ನು ಹುಡುಕಿ
Udyam registration|उद्यम पंजीकरण|उद्यम नोंदणी|ઉદ્યમ નોંધણી|உத்யம் பதிவு|ఉద్యమ్ నమోదు|উদ্যম নিবন্ধন|ಉದ್ಯಮ್ ನೋಂದಣಿ
Startup support|स्टार्टअप सहायता|स्टार्टअप सहाय्य|સ્ટાર્ટઅપ સહાય|புதிய தொழில் உதவி|స్టార్టప్ సహాయం|স্টার্টআপ সহায়তা|ಸ್ಟಾರ್ಟಪ್ ನೆರವು
Loans and subsidies|ऋण और सब्सिडी|कर्ज आणि अनुदान|લોન અને સબસિડી|கடன்கள் மற்றும் மானியங்கள்|రుణాలు మరియు సబ్సిడీలు|ঋণ ও ভর্তুকি|ಸಾಲಗಳು ಮತ್ತು ಸಬ್ಸಿಡಿಗಳು
Important Information|महत्वपूर्ण जानकारी|महत्त्वाची माहिती|મહત્વની માહિતી|முக்கிய தகவல்|ముఖ్యమైన సమాచారం|গুরুত্বপূর্ণ তথ্য|ಮುಖ್ಯ ಮಾಹಿತಿ
Create Account|खाता बनाएँ|खाते तयार करा|ખાતું બનાવો|கணக்கை உருவாக்கவும்|ఖాతా సృష్టించండి|অ্যাকাউন্ট তৈরি করুন|ಖಾತೆ ರಚಿಸಿ
Welcome back|वापस स्वागत है|पुन्हा स्वागत|ફરી સ્વાગત છે|மீண்டும் வருக|తిరిగి స్వాగతం|আবার স্বাগতম|ಮತ್ತೆ ಸ್ವಾಗತ
Recover your account|अपना खाता वापस पाएँ|आपले खाते परत मिळवा|તમારું ખાતું પાછું મેળવો|கணக்கை மீட்டெடுக்கவும்|మీ ఖాతాను పునరుద్ధరించండి|অ্যাকাউন্ট পুনরুদ্ধার করুন|ನಿಮ್ಮ ಖಾತೆಯನ್ನು ಮರಳಿ ಪಡೆಯಿರಿ
Back to home|होम पर वापस जाएँ|मुख्यपृष्ठावर परत|મુખ્ય પૃષ્ઠ પર પાછા|முகப்புக்குத் திரும்பவும்|హోమ్‌కు తిరిగి వెళ్ళండి|হোমে ফিরুন|ಮುಖಪುಟಕ್ಕೆ ಹಿಂತಿರುಗಿ
Back to sign in|साइन इन पर वापस जाएँ|साइन इनवर परत|સાઇન ઇન પર પાછા|உள்நுழைவுக்குத் திரும்பவும்|సైన్ ఇన్‌కు తిరిగి వెళ్ళండి|সাইন ইনে ফিরুন|ಸೈನ್ ಇನ್‌ಗೆ ಹಿಂತಿರುಗಿ
Already registered? Sign in|पहले से पंजीकृत हैं? साइन इन करें|आधी नोंदणी केली आहे? साइन इन करा|પહેલેથી નોંધણી કરી છે? સાઇન ઇન કરો|ஏற்கெனவே பதிவு செய்துள்ளீர்களா? உள்நுழையவும்|ఇప్పటికే నమోదు చేసుకున్నారా? సైన్ ఇన్ చేయండి|আগে নিবন্ধন করেছেন? সাইন ইন করুন|ಈಗಾಗಲೇ ನೋಂದಾಯಿಸಿದ್ದೀರಾ? ಸೈನ್ ಇನ್ ಮಾಡಿ
Forgot password?|पासवर्ड भूल गए?|पासवर्ड विसरलात?|પાસવર્ડ ભૂલી ગયા?|கடவுச்சொல் மறந்துவிட்டதா?|పాస్‌వర్డ్ మర్చిపోయారా?|পাসওয়ার্ড ভুলে গেছেন?|ಪಾಸ್‌ವರ್ಡ್ ಮರೆತಿರಾ?
Email or mobile number|ईमेल या मोबाइल नंबर|ईमेल किंवा मोबाइल क्रमांक|ઈમેલ અથવા મોબાઇલ નંબર|மின்னஞ்சல் அல்லது கைப்பேசி எண்|ఇమెయిల్ లేదా మొబైల్ నంబర్|ইমেল বা মোবাইল নম্বর|ಇಮೇಲ್ ಅಥವಾ ಮೊಬೈಲ್ ಸಂಖ್ಯೆ
Free to use|उपयोग निःशुल्क है|वापरण्यास मोफत|ઉપયોગ મફત છે|இலவசமாகப் பயன்படுத்தலாம்|ఉచితంగా ఉపయోగించండి|বিনামূল্যে ব্যবহার করুন|ಉಚಿತವಾಗಿ ಬಳಸಿ
Personalized scheme matches|आपके लिए योजना मिलान|तुमच्यासाठी योजना जुळवणी|તમારા માટે યોજનાઓનો મેળ|உங்களுக்கான திட்டப் பொருத்தங்கள்|మీకు సరిపోలే పథకాలు|আপনার জন্য প্রকল্পের মিল|ನಿಮಗಾಗಿ ಹೊಂದುವ ಯೋಜನೆಗಳು
AI-powered guidance|AI से मार्गदर्शन|AI मार्गदर्शन|AI માર્ગદર્શન|AI வழிகாட்டல்|AI మార్గదర్శకత్వం|AI নির্দেশনা|AI ಮಾರ್ಗದರ್ಶನ
Your account, securely accessible|आपके खाते तक सुरक्षित पहुँच|तुमच्या खात्यात सुरक्षित प्रवेश|તમારા ખાતામાં સુરક્ષિત પ્રવેશ|உங்கள் கணக்கைப் பாதுகாப்பாக அணுகவும்|మీ ఖాతాకు సురక్షిత ప్రాప్యత|আপনার অ্যাকাউন্টে নিরাপদ প্রবেশ|ನಿಮ್ಮ ಖಾತೆಗೆ ಸುರಕ್ಷಿತ ಪ್ರವೇಶ
Help & support|सहायता और समर्थन|मदत आणि सहाय्य|મદદ અને સહાય|உதவி மற்றும் ஆதரவு|సహాయం మరియు మద్దతు|সাহায্য ও সহায়তা|ಸಹಾಯ ಮತ್ತು ಬೆಂಬಲ
or|या|किंवा|અથવા|அல்லது|లేదా|অথবা|ಅಥವಾ
of|में से|पैकी|માંથી|இல்|లో|এর মধ্যে|ರಲ್ಲಿ
Please wait...|कृपया प्रतीक्षा करें…|कृपया थांबा…|કૃપા કરીને રાહ જુઓ…|காத்திருக்கவும்…|దయచేసి వేచి ఉండండి…|অনুগ্রহ করে অপেক্ষা করুন…|ದಯವಿಟ್ಟು ಕಾಯಿರಿ…
Reset your password|पासवर्ड रीसेट करें|पासवर्ड रीसेट करा|પાસવર્ડ રીસેટ કરો|கடவுச்சொல்லை மீட்டமைக்கவும்|పాస్‌వర్డ్ రీసెట్ చేయండి|পাসওয়ার্ড রিসেট করুন|ಪಾಸ್‌ವರ್ಡ್ ಮರುಹೊಂದಿಸಿ
New password|नया पासवर्ड|नवीन पासवर्ड|નવો પાસવર્ડ|புதிய கடவுச்சொல்|కొత్త పాస్‌వర్డ్|নতুন পাসওয়ার্ড|ಹೊಸ ಪಾಸ್‌ವರ್ಡ್
Confirm new password|नए पासवर्ड की पुष्टि करें|नवीन पासवर्डची पुष्टी करा|નવા પાસવર્ડની પુષ્ટિ કરો|புதிய கடவுச்சொல்லை உறுதிப்படுத்தவும்|కొత్త పాస్‌వర్డ్ నిర్ధారించండి|নতুন পাসওয়ার্ড নিশ্চিত করুন|ಹೊಸ ಪಾಸ್‌ವರ್ಡ್ ದೃಢಪಡಿಸಿ
Password updated|पासवर्ड बदल गया|पासवर्ड बदलला|પાસવર્ડ બદલાયો|கடவுச்சொல் மாற்றப்பட்டது|పాస్‌వర్డ్ మార్చబడింది|পাসওয়ার্ড বদলানো হয়েছে|ಪಾಸ್‌ವರ್ಡ್ ಬದಲಾಯಿಸಲಾಗಿದೆ
Update password|पासवर्ड बदलें|पासवर्ड बदला|પાસવર્ડ બદલો|கடவுச்சொல்லை மாற்றவும்|పాస్‌వర్డ్ మార్చండి|পাসওয়ার্ড বদলান|ಪಾಸ್‌ವರ್ಡ್ ಬದಲಾಯಿಸಿ
Updating password…|पासवर्ड बदल रहे हैं…|पासवर्ड बदलत आहे…|પાસવર્ડ બદલાઈ રહ્યો છે…|கடவுச்சொல் மாற்றப்படுகிறது…|పాస్‌వర్డ్ మారుస్తోంది…|পাসওয়ার্ড বদলানো হচ্ছে…|ಪಾಸ್‌ವರ್ಡ್ ಬದಲಾಯಿಸಲಾಗುತ್ತಿದೆ…
Verify identity|पहचान सत्यापित करें|ओळख पडताळा|ઓળખ ચકાસો|அடையாளத்தைச் சரிபார்க்கவும்|గుర్తింపును ధ్రువీకరించండి|পরিচয় যাচাই করুন|ಗುರುತನ್ನು ಪರಿಶೀಲಿಸಿ
Enter OTP|OTP दर्ज करें|OTP टाका|OTP દાખલ કરો|OTP உள்ளிடவும்|OTP నమోదు చేయండి|OTP লিখুন|OTP ನಮೂದಿಸಿ
Verification code (OTP)|सत्यापन कोड (OTP)|पडताळणी कोड (OTP)|ચકાસણી કોડ (OTP)|சரிபார்ப்புக் குறியீடு (OTP)|ధ్రువీకరణ కోడ్ (OTP)|যাচাইকরণ কোড (OTP)|ಪರಿಶೀಲನಾ ಕೋಡ್ (OTP)
Verify OTP|OTP सत्यापित करें|OTP पडताळा|OTP ચકાસો|OTP சரிபார்க்கவும்|OTP ధ్రువీకరించండి|OTP যাচাই করুন|OTP ಪರಿಶೀಲಿಸಿ
Verifying…|सत्यापित कर रहे हैं…|पडताळत आहे…|ચકાસી રહ્યા છીએ…|சரிபார்க்கப்படுகிறது…|ధ్రువీకరిస్తోంది…|যাচাই করা হচ্ছে…|ಪರಿಶೀಲಿಸಲಾಗುತ್ತಿದೆ…
Send verification code|सत्यापन कोड भेजें|पडताळणी कोड पाठवा|ચકાસણી કોડ મોકલો|சரிபார்ப்புக் குறியீட்டை அனுப்பவும்|ధ్రువీకరణ కోడ్ పంపండి|যাচাইকরণ কোড পাঠান|ಪರಿಶೀಲನಾ ಕೋಡ್ ಕಳುಹಿಸಿ
Sending OTP…|OTP भेज रहे हैं…|OTP पाठवत आहे…|OTP મોકલી રહ્યા છીએ…|OTP அனுப்பப்படுகிறது…|OTP పంపుతోంది…|OTP পাঠানো হচ্ছে…|OTP ಕಳುಹಿಸಲಾಗುತ್ತಿದೆ…
Request a new code|नया कोड माँगें|नवीन कोड मागवा|નવો કોડ માંગો|புதிய குறியீட்டைக் கோரவும்|కొత్త కోడ్ కోరండి|নতুন কোড চান|ಹೊಸ ಕೋಡ್ ಕೇಳಿ
Start again|फिर शुरू करें|पुन्हा सुरू करा|ફરી શરૂ કરો|மீண்டும் தொடங்கவும்|మళ్లీ ప్రారంభించండి|আবার শুরু করুন|ಮತ್ತೆ ಪ್ರಾರಂಭಿಸಿ
Reset via Email|ईमेल से रीसेट करें|ईमेलद्वारे रीसेट करा|ઈમેલથી રીસેટ કરો|மின்னஞ்சல் மூலம் மீட்டமைக்கவும்|ఇమెయిల్ ద్వారా రీసెట్ చేయండి|ইমেলের মাধ্যমে রিসেট করুন|ಇಮೇಲ್ ಮೂಲಕ ಮರುಹೊಂದಿಸಿ
Reset via Mobile Number|मोबाइल नंबर से रीसेट करें|मोबाइल क्रमांकाद्वारे रीसेट करा|મોબાઇલ નંબરથી રીસેટ કરો|கைப்பேசி எண் மூலம் மீட்டமைக்கவும்|మొబైల్ నంబర్ ద్వారా రీసెట్ చేయండి|মোবাইল নম্বরের মাধ্যমে রিসেট করুন|ಮೊಬೈಲ್ ಸಂಖ್ಯೆಯ ಮೂಲಕ ಮರುಹೊಂದಿಸಿ
Registered email address|पंजीकृत ईमेल पता|नोंदणीकृत ईमेल पत्ता|નોંધાયેલ ઈમેલ સરનામું|பதிவுசெய்த மின்னஞ்சல் முகவரி|నమోదైన ఇమెయిల్ చిరునామా|নিবন্ধিত ইমেল ঠিকানা|ನೋಂದಾಯಿತ ಇಮೇಲ್ ವಿಳಾಸ
Registered mobile number|पंजीकृत मोबाइल नंबर|नोंदणीकृत मोबाइल क्रमांक|નોંધાયેલ મોબાઇલ નંબર|பதிவுசெய்த கைப்பேசி எண்|నమోదైన మొబైల్ నంబర్|নিবন্ধিত মোবাইল নম্বর|ನೋಂದಾಯಿತ ಮೊಬೈಲ್ ಸಂಖ್ಯೆ
Email verified.|ईमेल सत्यापित हुआ।|ईमेल पडताळला.|ઈમેલ ચકાસાયો.|மின்னஞ்சல் சரிபார்க்கப்பட்டது.|ఇమెయిల్ ధ్రువీకరించబడింది.|ইমেল যাচাই করা হয়েছে।|ಇಮೇಲ್ ಪರಿಶೀಲಿಸಲಾಗಿದೆ.
Mobile number verified.|मोबाइल नंबर सत्यापित हुआ।|मोबाइल क्रमांक पडताळला.|મોબાઇલ નંબર ચકાસાયો.|கைப்பேசி எண் சரிபார்க்கப்பட்டது.|మొబైల్ నంబర్ ధ్రువీకరించబడింది.|মোবাইল নম্বর যাচাই করা হয়েছে।|ಮೊಬೈಲ್ ಸಂಖ್ಯೆ ಪರಿಶೀಲಿಸಲಾಗಿದೆ.
CAPTCHA verification|CAPTCHA सत्यापन|CAPTCHA पडताळणी|CAPTCHA ચકાસણી|CAPTCHA சரிபார்ப்பு|CAPTCHA ధ్రువీకరణ|CAPTCHA যাচাইকরণ|CAPTCHA ಪರಿಶೀಲನೆ
Refresh CAPTCHA|नया CAPTCHA लें|नवीन CAPTCHA घ्या|નવો CAPTCHA મેળવો|புதிய CAPTCHA பெறவும்|కొత్త CAPTCHA పొందండి|নতুন CAPTCHA নিন|ಹೊಸ CAPTCHA ಪಡೆಯಿರಿ
Enter the characters shown above|ऊपर दिखाए गए अक्षर दर्ज करें|वर दाखवलेली अक्षरे टाका|ઉપર દર્શાવેલા અક્ષરો દાખલ કરો|மேலே காட்டிய எழுத்துகளை உள்ளிடவும்|పైన చూపిన అక్షరాలను నమోదు చేయండి|উপরে দেখানো অক্ষরগুলি লিখুন|ಮೇಲೆ ತೋರಿಸಿದ ಅಕ್ಷರಗಳನ್ನು ನಮೂದಿಸಿ
Letters are not case-sensitive.|बड़े या छोटे अक्षर, दोनों मान्य हैं।|मोठी किंवा लहान अक्षरे चालतील.|મોટા કે નાના અક્ષરો બંને ચાલશે.|பெரிய அல்லது சிறிய எழுத்துகள் இரண்டும் ஏற்கப்படும்.|పెద్ద లేదా చిన్న అక్షరాలు రెండూ చెల్లుతాయి.|বড় বা ছোট হাতের অক্ষর দুটোই চলবে।|ದೊಡ್ಡ ಅಥವಾ ಸಣ್ಣ ಅಕ್ಷರಗಳು ಎರಡೂ ಮಾನ್ಯ.
Loading verification…|सत्यापन लोड हो रहा है…|पडताळणी लोड होत आहे…|ચકાસણી લોડ થઈ રહી છે…|சரிபார்ப்பு ஏற்றப்படுகிறது…|ధ్రువీకరణ లోడ్ అవుతోంది…|যাচাইকরণ লোড হচ্ছে…|ಪರಿಶೀಲನೆ ಲೋಡ್ ಆಗುತ್ತಿದೆ…

Sign in|साइन इन करें|साइन इन करा|સાઇન ઇન કરો|உள்நுழையவும்|సైన్ ఇన్ చేయండి|সাইন ইন করুন|ಸೈನ್ ಇನ್ ಮಾಡಿ
Create an account|खाता बनाएं|खाते तयार करा|ખાતું બનાવો|கணக்கை உருவாக்கவும்|ఖాతా సృష్టించండి|অ্যাকাউন্ট তৈরি করুন|ಖಾತೆ ರಚಿಸಿ
Search|खोजें|शोधा|શોધો|தேடவும்|శోధించండి|খুঁজুন|ಹುಡುಕಿ
Send|भेजें|पाठवा|મોકલો|அனுப்பவும்|పంపండి|পাঠান|ಕಳುಹಿಸಿ
Enter|दर्ज करें|प्रविष्ट करा|દાખલ કરો|உள்ளிடவும்|నమోదు చేయండి|লিখুন|ನಮೂದಿಸಿ
Clear Search|खोज साफ़ करें|शोध साफ करा|શોધ સાફ કરો|தேடலை அழிக்கவும்|శోధన తొలగించండి|অনুসন্ধান মুছুন|ಹುಡುಕಾಟ ಅಳಿಸಿ
Your question|आपका प्रश्न|तुमचा प्रश्न|તમારો પ્રશ્ન|உங்கள் கேள்வி|మీ ప్రశ్న|আপনার প্রশ্ন|ನಿಮ್ಮ ಪ್ರಶ್ನೆ
Describe your business|अपने व्यवसाय का वर्णन करें|तुमच्या व्यवसायाचे वर्णन करा|તમારા વ્યવસાયનું વર્ણન કરો|உங்கள் தொழிலை விவரிக்கவும்|మీ వ్యాపారాన్ని వివరించండి|আপনার ব্যবসার বিবরণ দিন|ನಿಮ್ಮ ವ್ಯಾಪಾರವನ್ನು ವಿವರಿಸಿ
No schemes found|कोई योजना नहीं मिली|कोणतीही योजना सापडली नाही|કોઈ યોજના મળી નથી|திட்டங்கள் கிடைக்கவில்லை|పథకాలు కనుగొనబడలేదు|কোনো প্রকল্প পাওয়া যায়নি|ಯಾವುದೇ ಯೋಜನೆ ಕಂಡುಬಂದಿಲ್ಲ
Checking your eligibility...|आपकी पात्रता जाँची जा रही है…|तुमची पात्रता तपासत आहोत…|તમારી પાત્રતા તપાસી રહ્યા છીએ…|உங்கள் தகுதி சரிபார்க்கப்படுகிறது…|మీ అర్హతను పరిశీలిస్తున్నాం…|আপনার যোগ্যতা যাচাই হচ্ছে…|ನಿಮ್ಮ ಅರ್ಹತೆಯನ್ನು ಪರಿಶೀಲಿಸಲಾಗುತ್ತಿದೆ…
Loading your profile...|प्रोफ़ाइल लोड हो रही है…|प्रोफाइल लोड होत आहे…|પ્રોફાઇલ લોડ થઈ રહી છે…|சுயவிவரம் ஏற்றப்படுகிறது…|ప్రొఫైల్ లోడ్ అవుతోంది…|প্রোফাইল লোড হচ্ছে…|ಪ್ರೊಫೈಲ್ ಲೋಡ್ ಆಗುತ್ತಿದೆ…
Please complete your profile.|कृपया अपनी प्रोफ़ाइल पूरी करें।|कृपया तुमचे प्रोफाइल पूर्ण करा.|કૃપા કરીને તમારી પ્રોફાઇલ પૂર્ણ કરો.|உங்கள் சுயவிவரத்தை நிறைவு செய்யவும்.|దయచేసి మీ ప్రొఫైల్ పూర్తి చేయండి.|আপনার প্রোফাইল পূরণ করুন।|ದಯವಿಟ್ಟು ನಿಮ್ಮ ಪ್ರೊಫೈಲ್ ಪೂರ್ಣಗೊಳಿಸಿ.
Please review your details.|कृपया अपना विवरण जाँचें।|कृपया तुमचे तपशील तपासा.|કૃપા કરીને તમારી વિગતો તપાસો.|உங்கள் விவரங்களைச் சரிபார்க்கவும்.|దయచేసి మీ వివరాలను తనిఖీ చేయండి.|আপনার তথ্য যাচাই করুন।|ದಯವಿಟ್ಟು ನಿಮ್ಮ ವಿವರಗಳನ್ನು ಪರಿಶೀಲಿಸಿ.
No details saved yet.|अभी कोई विवरण सहेजा नहीं गया है।|अद्याप तपशील जतन केलेले नाहीत.|હજી કોઈ વિગતો સાચવી નથી.|விவரங்கள் இன்னும் சேமிக்கப்படவில்லை.|ఇంకా వివరాలు సేవ్ చేయలేదు.|এখনও তথ্য সংরক্ষিত হয়নি।|ಇನ್ನೂ ವಿವರಗಳನ್ನು ಉಳಿಸಿಲ್ಲ.
Try again|फिर प्रयास करें|पुन्हा प्रयत्न करा|ફરી પ્રયાસ કરો|மீண்டும் முயற்சிக்கவும்|మళ్లీ ప్రయత్నించండి|আবার চেষ্টা করুন|ಮತ್ತೆ ಪ್ರಯತ್ನಿಸಿ
Unable to load results. Please try again.|नतीजे लोड नहीं हुए। फिर प्रयास करें।|निकाल लोड झाले नाहीत. पुन्हा प्रयत्न करा.|પરિણામો લોડ થયા નથી. ફરી પ્રયાસ કરો.|முடிவுகளை ஏற்ற முடியவில்லை. மீண்டும் முயற்சிக்கவும்.|ఫలితాలు లోడ్ కాలేదు. మళ్లీ ప్రయత్నించండి.|ফলাফল লোড হয়নি। আবার চেষ্টা করুন।|ಫಲಿತಾಂಶ ಲೋಡ್ ಆಗಿಲ್ಲ. ಮತ್ತೆ ಪ್ರಯತ್ನಿಸಿ.
Verify your sign-in|साइन इन सत्यापित करें|साइन इन सत्यापित करा|સાઇન ઇન ચકાસો|உள்நுழைவைச் சரிபார்க்கவும்|సైన్ ఇన్ ధృవీకరించండి|সাইন ইন যাচাই করুন|ಸೈನ್ ಇನ್ ಪರಿಶೀಲಿಸಿ
Verify OTP and sign in|OTP सत्यापित करके साइन इन करें|OTP तपासून साइन इन करा|OTP ચકાસીને સાઇન ઇન કરો|OTP சரிபார்த்து உள்நுழையவும்|OTP ధృవీకరించి సైన్ ఇన్ చేయండి|OTP যাচাই করে সাইন ইন করুন|OTP ಪರಿಶೀಲಿಸಿ ಸೈನ್ ಇನ್ ಮಾಡಿ
Receive your sign-in code via|साइन इन कोड प्राप्त करने का माध्यम|साइन इन कोड मिळवण्याचे माध्यम|સાઇન ઇન કોડ મેળવવાનું માધ્યમ|உள்நுழைவு குறியீடு பெறும் வழி|సైన్ ఇన్ కోడ్ పొందే విధానం|সাইন ইন কোড পাওয়ার মাধ্যম|ಸೈನ್ ಇನ್ ಕೋಡ್ ಪಡೆಯುವ ವಿಧಾನ
Sign in with your password, then verify a code sent to your registered email or mobile number.|पासवर्ड डालें, फिर पंजीकृत ईमेल या मोबाइल पर मिले कोड को सत्यापित करें।|पासवर्ड टाका, नंतर नोंदणीकृत ईमेल किंवा मोबाइलवरील कोड तपासा.|પાસવર્ડ દાખલ કરો અને નોંધાયેલ ઇમેઇલ કે મોબાઇલ પર મળેલો કોડ ચકાસો.|கடவுச்சொல்லை உள்ளிட்டு பதிவு செய்த மின்னஞ்சல் அல்லது கைப்பேசிக்கு வந்த குறியீட்டைச் சரிபார்க்கவும்.|పాస్‌వర్డ్ నమోదు చేసి నమోదైన ఇమెయిల్ లేదా మొబైల్‌కు వచ్చిన కోడ్‌ను ధృవీకరించండి.|পাসওয়ার্ড দিন, তারপর নিবন্ধিত ইমেল বা মোবাইলে আসা কোড যাচাই করুন।|ಪಾಸ್‌ವರ್ಡ್ ನಮೂದಿಸಿ, ನೋಂದಾಯಿತ ಇಮೇಲ್ ಅಥವಾ ಮೊಬೈಲ್‌ಗೆ ಬಂದ ಕೋಡ್ ಪರಿಶೀಲಿಸಿ.
Enter the six-digit code sent to {destination}.|{destination} पर भेजा गया छह अंकों का कोड डालें।|{destination} वर पाठवलेला सहा अंकी कोड टाका.|{destination} પર મોકલેલો છ અંકનો કોડ દાખલ કરો.|{destination}க்கு அனுப்பிய ஆறு இலக்கக் குறியீட்டை உள்ளிடவும்.|{destination}కు పంపిన ఆరు అంకెల కోడ్ నమోదు చేయండి.|{destination}-এ পাঠানো ছয় অঙ্কের কোড লিখুন।|{destination}ಗೆ ಕಳುಹಿಸಿದ ಆರು ಅಂಕಿಯ ಕೋಡ್ ನಮೂದಿಸಿ.
Enter the six-digit OTP below.|नीचे छह अंकों का OTP डालें।|खाली सहा अंकी OTP टाका.|નીચે છ અંકનો OTP દાખલ કરો.|கீழே ஆறு இலக்க OTP உள்ளிடவும்.|కింద ఆరు అంకెల OTP నమోదు చేయండి.|নিচে ছয় অঙ্কের OTP লিখুন।|ಕೆಳಗೆ ಆರು ಅಂಕಿಯ OTP ನಮೂದಿಸಿ.
Code expires in {seconds}s|कोड {seconds} सेकंड में समाप्त होगा|कोड {seconds} सेकंदात संपेल|કોડ {seconds} સેકન્ડમાં સમાપ્ત થશે|குறியீடு {seconds} வினாடிகளில் காலாவதியாகும்|కోడ్ {seconds} సెకన్లలో ముగుస్తుంది|কোডের মেয়াদ {seconds} সেকেন্ড|ಕೋಡ್ {seconds} ಸೆಕೆಂಡುಗಳಲ್ಲಿ ಮುಗಿಯುತ್ತದೆ
Resend code|कोड फिर भेजें|कोड पुन्हा पाठवा|કોડ ફરી મોકલો|குறியீட்டை மீண்டும் அனுப்பவும்|కోడ్ మళ్లీ పంపండి|কোড আবার পাঠান|ಕೋಡ್ ಮತ್ತೆ ಕಳುಹಿಸಿ
Resend code in {seconds}s|{seconds} सेकंड बाद कोड फिर भेजें|{seconds} सेकंदांनी कोड पुन्हा पाठवा|{seconds} સેકન્ડ પછી કોડ ફરી મોકલો|{seconds} வினாடிகளில் மீண்டும் அனுப்பலாம்|{seconds} సెకన్ల తరువాత మళ్లీ పంపండి|{seconds} সেকেন্ড পরে আবার পাঠান|{seconds} ಸೆಕೆಂಡುಗಳ ನಂತರ ಮತ್ತೆ ಕಳುಹಿಸಿ
Try again in {seconds}s|{seconds} सेकंड बाद फिर प्रयास करें|{seconds} सेकंदांनी पुन्हा प्रयत्न करा|{seconds} સેકન્ડ પછી ફરી પ્રયાસ કરો|{seconds} வினாடிகளுக்குப் பிறகு முயற்சிக்கவும்|{seconds} సెకన్ల తరువాత మళ్లీ ప్రయత్నించండి|{seconds} সেকেন্ড পরে চেষ্টা করুন|{seconds} ಸೆಕೆಂಡುಗಳ ನಂತರ ಮತ್ತೆ ಪ್ರಯತ್ನಿಸಿ
This code has expired. Request a new code.|कोड समाप्त हो गया है। नया कोड माँगें।|कोडची मुदत संपली. नवीन कोड मागवा.|કોડની મુદત પૂરી થઈ. નવો કોડ મેળવો.|குறியீடு காலாவதியானது. புதிய குறியீடு கோரவும்.|కోడ్ గడువు ముగిసింది. కొత్త కోడ్ కోరండి.|কোডের মেয়াদ শেষ। নতুন কোড চান।|ಕೋಡ್ ಅವಧಿ ಮುಗಿದಿದೆ. ಹೊಸ ಕೋಡ್ ಪಡೆಯಿರಿ.
Check your email inbox and spam folder.|ईमेल इनबॉक्स और स्पैम फ़ोल्डर देखें।|ईमेल इनबॉक्स आणि स्पॅम फोल्डर तपासा.|ઇમેઇલ ઇનબોક્સ અને સ્પામ ફોલ્ડર તપાસો.|மின்னஞ்சல் உள்பெட்டி மற்றும் ஸ்பேம் கோப்புறையைப் பார்க்கவும்.|ఇమెయిల్ ఇన్‌బాక్స్ మరియు స్పామ్ ఫోల్డర్ చూడండి.|ইমেল ইনবক্স ও স্প্যাম ফোল্ডার দেখুন।|ಇಮೇಲ್ ಇನ್‌ಬಾಕ್ಸ್ ಮತ್ತು ಸ್ಪ್ಯಾಮ್ ಫೋಲ್ಡರ್ ಪರಿಶೀಲಿಸಿ.
Check SMS messages on the mobile number you entered.|दर्ज मोबाइल नंबर के SMS देखें।|दिलेल्या मोबाइलवरील SMS तपासा.|દાખલ કરેલા મોબાઇલના SMS તપાસો.|உள்ளிட்ட கைப்பேசியில் SMS பார்க்கவும்.|నమోదు చేసిన మొబైల్‌లో SMS చూడండి.|দেওয়া মোবাইলের SMS দেখুন।|ನಮೂದಿಸಿದ ಮೊಬೈಲ್‌ನ SMS ಪರಿಶೀಲಿಸಿ.
Choose how to reset your password|पासवर्ड रीसेट का तरीका चुनें|पासवर्ड रीसेटची पद्धत निवडा|પાસવર્ડ રીસેટ કરવાની રીત પસંદ કરો|கடவுச்சொல் மீட்டமைக்கும் வழியைத் தேர்ந்தெடுக்கவும்|పాస్‌వర్డ్ రీసెట్ విధానం ఎంచుకోండి|পাসওয়ার্ড রিসেটের পদ্ধতি বাছুন|ಪಾಸ್‌ವರ್ಡ್ ಮರುಹೊಂದಿಸುವ ವಿಧಾನ ಆರಿಸಿ
This method is unavailable. Choose another method or try again later.|यह माध्यम उपलब्ध नहीं है। दूसरा माध्यम चुनें या बाद में प्रयास करें।|हा पर्याय उपलब्ध नाही. दुसरा पर्याय निवडा किंवा नंतर प्रयत्न करा.|આ રીત ઉપલબ્ધ નથી. બીજી રીત પસંદ કરો અથવા પછી પ્રયાસ કરો.|இந்த வழி கிடைக்கவில்லை. வேறு வழியைத் தேர்ந்தெடுக்கவும் அல்லது பின்னர் முயற்சிக்கவும்.|ఈ విధానం అందుబాటులో లేదు. మరొక విధానం ఎంచుకోండి లేదా తరువాత ప్రయత్నించండి.|এই মাধ্যম উপলব্ধ নেই। অন্য মাধ্যম বাছুন বা পরে চেষ্টা করুন।|ಈ ವಿಧಾನ ಲಭ್ಯವಿಲ್ಲ. ಇನ್ನೊಂದು ವಿಧಾನ ಆರಿಸಿ ಅಥವಾ ನಂತರ ಪ್ರಯತ್ನಿಸಿ.
Complete a new CAPTCHA before sending another code.|दूसरा कोड भेजने से पहले नया CAPTCHA भरें।|पुन्हा कोड पाठवण्यापूर्वी नवीन CAPTCHA भरा.|બીજો કોડ મોકલતા પહેલાં નવો CAPTCHA ભરો.|மீண்டும் குறியீடு அனுப்பும் முன் புதிய CAPTCHA நிரப்பவும்.|మరో కోడ్ పంపే ముందు కొత్త CAPTCHA పూర్తి చేయండి.|আবার কোড পাঠানোর আগে নতুন CAPTCHA পূরণ করুন।|ಮತ್ತೆ ಕೋಡ್ ಕಳುಹಿಸುವ ಮೊದಲು ಹೊಸ CAPTCHA ಪೂರ್ಣಗೊಳಿಸಿ.
This CAPTCHA has expired. Refresh it to continue.|CAPTCHA समाप्त हो गया। आगे बढ़ने के लिए रीफ़्रेश करें।|CAPTCHA ची मुदत संपली. पुढे जाण्यासाठी रीफ्रेश करा.|CAPTCHA સમાપ્ત થયો. આગળ વધવા રીફ્રેશ કરો.|CAPTCHA காலாவதியானது. தொடர புதுப்பிக்கவும்.|CAPTCHA గడువు ముగిసింది. కొనసాగడానికి రిఫ్రెష్ చేయండి.|CAPTCHA-এর মেয়াদ শেষ। এগোতে রিফ্রেশ করুন।|CAPTCHA ಅವಧಿ ಮುಗಿದಿದೆ. ಮುಂದುವರಿಯಲು ರಿಫ್ರೆಶ್ ಮಾಡಿ.
Use at least 10 characters.|कम से कम 10 अक्षर रखें।|किमान 10 अक्षरे वापरा.|ઓછામાં ઓછા 10 અક્ષરો વાપરો.|குறைந்தது 10 எழுத்துகளைப் பயன்படுத்தவும்.|కనీసం 10 అక్షరాలు ఉపయోగించండి.|অন্তত 10 অক্ষর ব্যবহার করুন।|ಕನಿಷ್ಠ 10 ಅಕ್ಷರಗಳನ್ನು ಬಳಸಿ.
Your password has been updated. Sign in using your new password.|पासवर्ड बदल गया। नए पासवर्ड से साइन इन करें।|पासवर्ड बदलला. नवीन पासवर्डने साइन इन करा.|પાસવર્ડ બદલાયો. નવા પાસવર્ડથી સાઇન ઇન કરો.|கடவுச்சொல் மாற்றப்பட்டது. புதிய கடவுச்சொல்லுடன் உள்நுழையவும்.|పాస్‌వర్డ్ మార్చబడింది. కొత్త పాస్‌వర్డ్‌తో సైన్ ఇన్ చేయండి.|পাসওয়ার্ড বদলেছে। নতুন পাসওয়ার্ড দিয়ে সাইন ইন করুন।|ಪಾಸ್‌ವರ್ಡ್ ಬದಲಾಗಿದೆ. ಹೊಸ ಪಾಸ್‌ವರ್ಡ್‌ನಿಂದ ಸೈನ್ ಇನ್ ಮಾಡಿ.
Voice assistant|आवाज़ सहायक|आवाज सहाय्यक|અવાજ સહાયક|குரல் உதவியாளர்|వాయిస్ సహాయకుడు|ভয়েস সহায়ক|ಧ್ವನಿ ಸಹಾಯಕ
Use microphone|माइक्रोफ़ोन इस्तेमाल करें|मायक्रोफोन वापरा|માઇક્રોફોન વાપરો|ஒலிவாங்கியைப் பயன்படுத்தவும்|మైక్రోఫోన్ ఉపయోగించండి|মাইক্রোফোন ব্যবহার করুন|ಮೈಕ್ರೋಫೋನ್ ಬಳಸಿ
Stop recording|रिकॉर्डिंग रोकें|रेकॉर्डिंग थांबवा|રેકોર્ડિંગ રોકો|பதிவை நிறுத்தவும்|రికార్డింగ్ ఆపండి|রেকর্ডিং থামান|ರೆಕಾರ್ಡಿಂಗ್ ನಿಲ್ಲಿಸಿ
Play answer|जवाब सुनें|उत्तर ऐका|જવાબ સાંભળો|பதிலைக் கேட்கவும்|సమాధానం వినండి|উত্তর শুনুন|ಉತ್ತರ ಕೇಳಿ
Stop audio|ऑडियो रोकें|ऑडिओ थांबवा|ઑડિયો રોકો|ஒலியை நிறுத்தவும்|ఆడియో ఆపండి|অডিও থামান|ಆಡಿಯೊ ನಿಲ್ಲಿಸಿ
Getting answer...|जवाब मिल रहा है…|उत्तर मिळवत आहोत…|જવાબ મેળવી રહ્યા છીએ…|பதில் பெறப்படுகிறது…|సమాధానం పొందుతున్నాం…|উত্তর আসছে…|ಉತ್ತರ ಪಡೆಯಲಾಗುತ್ತಿದೆ…
Not configured|सेटअप पूरा नहीं है|सेटअप पूर्ण नाही|સેટઅપ પૂર્ણ નથી|அமைப்பு முடிவடையவில்லை|సెటప్ పూర్తి కాలేదు|সেটআপ সম্পূর্ণ হয়নি|ಸೆಟಪ್ ಪೂರ್ಣವಾಗಿಲ್ಲ
Open navigation menu|नेविगेशन मेनू खोलें|नेव्हिगेशन मेनू उघडा|નેવિગેશન મેનુ ખોલો|வழிசெலுத்தல் பட்டியைத் திறக்கவும்|నావిగేషన్ మెనూ తెరవండి|নেভিগেশন মেনু খুলুন|ನ್ಯಾವಿಗೇಷನ್ ಮೆನು ತೆರೆಯಿರಿ
Open profile menu|प्रोफ़ाइल मेनू खोलें|प्रोफाइल मेनू उघडा|પ્રોફાઇલ મેનુ ખોલો|சுயவிவரப் பட்டியைத் திறக்கவும்|ప్రొఫైల్ మెనూ తెరవండి|প্রোফাইল মেনু খুলুন|ಪ್ರೊಫೈಲ್ ಮೆನು ತೆರೆಯಿರಿ
Open in Full Screen|पूरे स्क्रीन में खोलें|पूर्ण स्क्रीनमध्ये उघडा|પૂર્ણ સ્ક્રીનમાં ખોલો|முழுத்திரையில் திறக்கவும்|పూర్తి తెరలో తెరవండి|পূর্ণ পর্দায় খুলুন|ಪೂರ್ಣ ಪರದೆಯಲ್ಲಿ ತೆರೆಯಿರಿ
Business|व्यवसाय|व्यवसाय|વ્યવસાય|தொழில்|వ్యాపారం|ব্যবসা|ವ್ಯಾಪಾರ
Personal|व्यक्तिगत|वैयक्तिक|વ્યક્તિગત|தனிப்பட்ட|వ్యక్తిగత|ব্যক্তিগত|ವೈಯಕ್ತಿಕ
Idea / Planning|विचार / योजना|कल्पना / नियोजन|વિચાર / આયોજન|யோசனை / திட்டமிடல்|ఆలోచన / ప్రణాళిక|ভাবনা / পরিকল্পনা|ಕಲ್ಪನೆ / ಯೋಜನೆ
Early Stage|शुरुआती चरण|सुरुवातीचा टप्पा|પ્રારંભિક તબક્કો|ஆரம்ப நிலை|ప్రారంభ దశ|প্রাথমিক পর্যায়|ಆರಂಭಿಕ ಹಂತ
Established|स्थापित|स्थापित|સ્થાપિત|நிறுவப்பட்டது|స్థాపించబడింది|প্রতিষ্ঠিত|ಸ್ಥಾಪಿತ
Expansion|विस्तार|विस्तार|વિસ્તરણ|விரிவாக்கம்|విస్తరణ|সম্প্রসারণ|ವಿಸ್ತರಣೆ
Startup|स्टार्टअप|स्टार्टअप|સ્ટાર્ટઅપ|புத்தொழில்|స్టార్టప్|স্টার্টআপ|ಸ್ಟಾರ್ಟಪ್
Below|से कम|पेक्षा कमी|થી ઓછું|க்கும் கீழ்|కంటే తక్కువ|এর নিচে|ಗಿಂತ ಕಡಿಮೆ
Above|से अधिक|पेक्षा जास्त|થી વધુ|க்கும் மேல்|కంటే ఎక్కువ|এর উপরে|ಗಿಂತ ಹೆಚ್ಚು
Lakh|लाख|लाख|લાખ|லட்சம்|లక్షలు|লক্ষ|ಲಕ್ಷ
Crore|करोड़|कोटी|કરોડ|கோடி|కోట్లు|কোটি|ಕೋಟಿ
years|वर्ष|वर्षे|વર્ષ|ஆண்டுகள்|సంవత్సరాలు|বছর|ವರ್ಷಗಳು
Less than 1 year|1 वर्ष से कम|1 वर्षापेक्षा कमी|1 વર્ષથી ઓછું|1 ஆண்டிற்குக் குறைவு|1 సంవత్సరం కంటే తక్కువ|1 বছরের কম|1 ವರ್ಷಕ್ಕಿಂತ ಕಡಿಮೆ
More than 10 years|10 वर्ष से अधिक|10 वर्षांपेक्षा जास्त|10 વર્ષથી વધુ|10 ஆண்டுகளுக்கு மேல்|10 సంవత్సరాల కంటే ఎక్కువ|10 বছরের বেশি|10 ವರ್ಷಗಳಿಗಿಂತ ಹೆಚ್ಚು
